{
    "epoch": 2.0,
    "eval_loss": 1.7931269407272339,
    "eval_runtime": 11.2923,
    "eval_samples": 500,
    "eval_samples_per_second": 44.278,
    "eval_steps_per_second": 11.07,
    "perplexity": 6.008210441487993,
    "train_loss": 1.8823109894550492,
    "train_runtime": 227.5213,
    "train_samples": 809,
    "train_samples_per_second": 7.111,
    "train_steps_per_second": 1.784
}