{
    "epoch": 2.0,
    "eval_loss": 1.7931269407272339,
    "eval_runtime": 11.2923,
    "eval_samples": 500,
    "eval_samples_per_second": 44.278,
    "eval_steps_per_second": 11.07,
    "perplexity": 6.008210441487993
}